2633563	Worcester	Worcester	Caerwrangon,City of Worcester,Gorad Vustehr,Ustur,Vigornia,Vuster,Vusteris,Wiogoraceastre,Worcester,useuteo,usuta,vuster,wrkstr,wu si te,wurs texr,wwstr,Вустер,Горад Вустэр,Устър,Վուսթեր,ورکستر,وورسسٹر,ووستر,วุร์สเตอร์,ウスター,伍斯特,우스터	52.18935	-2.22001	P	PPLA2	GB		ENG	Q4	47UE		100023		29	Europe/London	2013-07-30
2633691	Wolverhampton	Wolverhampton	Goulverchampton,Heantun,Ulvurkhamptun,Vulvergempton,Vulverhamptonas,Vulverhempton,Vulverhemptona,Vulverkhempton,Wolverhampton,Wulfrunehantona,XVW,ulbeohaempeuteon,u~oruvu~ahanputon,wlwrhmptwn,wu er fu han pu dun,wwlbrhmptwn,wwlfrhambtwn,Γουλβερχάμπτον,Вулвергемптон,Вулверхемптон,Улвърхамптън,Վուլվերհեմպտոն,וואלווערהאמפטאן,וולברהמפטון,ولورهمپتون,وولفرهامبتون,وولورہیمپٹن,วุลเวอร์แฮมป์ตัน,ვულვერჰემპტონი,ウォルヴァーハンプトン,伍爾弗漢普頓,울버햄프턴	52.58547	-2.12296	P	PPLA2	GB		ENG	Q3	41UF		252791		160	Europe/London	2014-05-09
2633709	Woking	Woking	Uoking,Uokinge,Vokingas,Woking,XWO,u~okingu,wo jin,Уокинг,Уокинге,ウォキング,沃金	51.31903	-0.55893	P	PPL	GB		ENG	N7	43UM		103932		39	Europe/London	2010-08-03
2634491	West Bromwich	West Bromwich	Uehst-Bromidzh,Uest Bromich,Vest Bromicas,Vest Bromičas,Vest Bromvich,Vest-Bromvich,West Bromwich,weseuteubeulomichi,west br xm mich,wst brwmwych,xi bu luo mi qi,Вест Бромвич,Вест-Бромвіч,Уест Бромич,Уэст-Бромидж,وست برومویچ,เวสต์บรอมมิช,ウェスト・ブロムウィッチ,西布羅米奇,웨스트브로미치	52.51868	-1.9945	P	PPL	GB		ENG	L7	47UB		135618		165	Europe/London	2011-03-03
2634677	Watford	Watford	Uotford,Votford,Votfordas,Watford,waspeodeu,watfwrd,watofodo,wo te fu de,wtpwrd,wwtpwrd,Вотфорд,Уотфорд,ווטפורד,וטפורד,واتفورد,ワトフォード,沃特福德,왓퍼드	51.65531	-0.39602	P	PPL	GB		ENG	F8	26UK		125707		77	Europe/London	2010-08-03
2634853	Walsall	Walsall	Uolsol,Uolsoll,Volslas,Volsol,Volsoll,Walhshalh,Wallsall,Walsall,u~orusoru,walsal,wo er suo er,wolsol,Волсол,Уолсол,Уолсолл,والسال,ウォルソール,沃爾索爾,월솔	52.58528	-1.98396	P	PPLA2	GB		ENG	O8	41UF		172141		129	Europe/London	2011-03-03
2636389	Swindon	Swindon	Suindon,Suindun,Svindon,Svindonas,Swindon,s win dan,seuwindeon,si wen dun,suu~indon,swyndwn,swyyndwn,Свиндон,Суиндон,Суиндън,سوئیندون,سويندون,สวินดัน,スウィンドン,斯温顿,스윈던	51.55797	-1.78116	P	PPLA2	GB		ENG	N9	00HX015		155432		113	Europe/London	2010-10-16
2636486	Sutton Coldfield	Sutton Coldfield	Saton Koldfild,Saton Koldfildas,Sutton Coldfield,satn kwldfyld,seoteonkoldeupildeu,Сатон Колдфилд,ساتن کولدفیلد,サットン・コールドフィールド,서턴콜드필드	52.56667	-1.81667	P	PPL	GB		ENG	A7			107030		119	Europe/London	2013-07-11
2636503	Sutton	Sutton	London Borough of Sutton,Satton,Sutton,Sutton keruelet,Sutton kerület,Саттон	51.35	-0.2	P	PPLA3	GB		ENG	GLA	N8		187600		83	Europe/London	2014-04-28
2637433	Southend-on-Sea	Southend-on-Sea	SEN,Sautend-on-Si,Southend,Southend-on-Sea,Саутенд-он-Си	51.53782	0.71433	P	PPLA2	GB		ENG	M5			163377		31	Europe/London	2013-03-31
2637487	Southampton	Southampton	Gorad Sautgemptan,Hantonia,Hantonne,SOU,Saouthampton,Sautamptonas,Sautgempton,Sauthempton,Sauthemptona,Sautkhamptun,Sautkhempton,Southampton,nan an pu dui,sausaempeuteon,sausanputon,sawthhambtwn,Σαουθάμπτον,Горад Саўтгемптан,Саутгемптон,Саутхамптън,Саутхемптон,סאות'המפטון,ساؤتھمپٹن,ساوت‌همپتون,ساوثهامبتون,เซาแทมป์ตัน,ဆောက်သမ္ပတန်မြို့,サウサンプトン,南安普敦,사우샘프턴	50.90395	-1.40428	P	PPLA2	GB		ENG	M4	24UJ		246201		19	Europe/London	2011-03-03
2637627	Slough	Slough	Slau,Slough,Слау	51.50949	-0.59541	P	PPLA2	GB		ENG	M1			134072		33	Europe/London	2011-05-28
2639577	Reading	Reading	Reading,Reding,XRE,Рединг	51.45625	-0.97113	P	PPLA2	GB		ENG	K7			244070		51	Europe/London	2012-10-15
2639996	Portsmouth	Portsmouth	Gorad Portsmut,Porchemue,Porchémue,Portsmouth,Portsmut,Portsmuta,Portsmutas,Portus Ostium,bwrtsmwth,phxrt smath,pocheumeoseu,portasmatha,potsumasu,pu ci mao si,pwrtsmwt',pwrtsmwth,Πόρτσμουθ,Горад Портсмут,Портсмут,Портсмът,Պորտսմութ,פורטסמות',بورتسموث,پورتسموث,پۆرتسموت,पोर्टस्मथ,পোর্টস্‌মাথ,พอร์ตสมัท,ポーツマス,朴次茅斯,포츠머스	50.79899	-1.09125	P	PPLA2	GB		ENG	K6	00MR001		194150		6	Europe/London	2011-02-17
2640101	Poole	Poole	Poole,Pul,Pulas,Puul,pu er,puru,pwl  anglstan,Пул,پول، انگلستان,プール,普爾	50.71667	-2	P	PPLA2	GB		ENG	K5			150092		1	Europe/London	2012-08-26
2640354	Peterborough	Peterborough	Peterborough,Peterbrough,Petersborough,Petroburgum,Piterboras,Piterboro,Pīterboro,XVH,bi de bo lei,pitabara,piteobeoleo,pytrbwrw,Питерборо,Пітерборо,پیتربورو,پیٹربرا,ピーターバラ,彼得伯勒,피터버러	52.57364	-0.24777	P	PPLA2	GB		ENG	K3	00JA016		140141		12	Europe/London	2011-03-03
2640729	Oxford	Oxford	Ath nan Damh,Gorad Oksfard,OXF,Oksford,Oksforda,Oksfordas,Oksfordo,Oksfuords,Oxford,Oxnaford,Oxonia,Oxphorde,Rhydychen,Rysoghen,akasaforada,akcuportu,aksaphorda,aksfwrd,awksfwrd,niu jin,ogseupeodeu,okkusufodo,oksapharda,oksaphorda,okspordi,x xksf xrd,Àth nan Damh,Οξφόρδη,Горад Оксфард,Оксфорд,Оқсфорд,אוקספורד,אקספארד,آکسفورد,آکسفورڈ,أكسفورد,اوكسفورد,ऑक्सफर्ड,ऑक्सफोर्ड,অক্সফোর্ড,ਆਕਸਫ਼ੋਰਡ,ஆக்சுபோர்டு,ఆక్స్‌ఫర్డ్,ಆಕ್ಸ್‌ಫರ್ಡ್,อ๊อกซฟอร์ด,အောက်စဖို့မြို့,ოქსფორდი,オックスフォード,牛津,옥스퍼드	51.75222	-1.25596	P	PPLA2	GB		ENG	K2	38UC		154566		72	Europe/London	2012-03-27
2641170	Nottingham	Nottingham	NQT,Nottigham,Nottingem,Nottingham,nottingamu,nuo ding han,nuo ding xian,nwtnghham,Ноттингем,Ноттингҳам,נוטינגהאם,نوتنغهام,ノッティンガム,諾定咸,诺丁汉	52.9536	-1.15047	P	PPLA2	GB		ENG	J8			246654		46	Europe/London	2012-03-22
2641181	Norwich	Norwich	NWI,Nordovicum,Norgouits,Norich,Noridzas,Noridzh,Noridžas,Norvic,Norvich,Norviç,Norwich,narwch,nolichi,noritchi,nuo li qi,nwrwych,nwrwytsh,nx rich,Νόργουιτς,Норвіч,Норидж,Норич,ناروچ,نورويتش,نورویچ,นอริช,ノリッチ,諾里奇,노리치	52.62783	1.29834	P	PPLA2	GB		ENG	I9	33UG		177636		19	Europe/London	2010-10-16
2641430	Northampton	Northampton	Norsempton,Nortamptonas,Nortgempton,Northampton,Northamptonia,Nortkhamptun,Nortkhempton,ORM,bei an pu dun,nosaempeuteon,nozanputon,nwrthhambtwn,Νορθάμπτον,Нортгемптон,Нортхамптън,Нортхемптон,نورثهامبتون,نورث‌همپتون,നോർത്താംപ്റ്റൺ,ノーザンプトン,北安普顿,노샘프턴	52.25	-0.88333	P	PPLA2	GB		ENG	J1	34UF		197322		97	Europe/London	2014-04-28
2642465	Milton Keynes	Milton Keynes	KYN,MK,Middeltūn þǣra de Cahaignes,Milton Keinsas,Milton Keynes,Milton Kins,Milton-Kins,Milton-Kinz,mi er dun kai en si,milteonkeinseu,Милтон-Кинс,Мілтон-Кінз,ミルトン・キーンズ,米尔顿凯恩斯,밀턴케인스	52.04172	-0.75583	P	PPLA2	GB		ENG	I6			184506		114	Europe/London	2014-01-09
2643339	Luton	Luton	Luton,Lutonas,Lutun,lu dun,luteon,lwtn,lwtwn,ruton,Лутон,Лутън,لوتن,لوتون,ルートン,卢顿,루턴	51.87967	-0.41748	P	PPLA2	GB		ENG	I1	00KC039		193669		117	Europe/London	2014-05-08
2643741	City of London	City of London	Bandaraya London,Cathair Londan,Ceety o Lunnon,Cidade de Londres,Cite de Londres,Citta di Londra,Città di Londra,City,City de Londres,Cité de Londres,Dakbayan sa Londres,Dinas Llundain,Idolobha weLondon,Ker Londrez,Kêr Londrez,La City,London,Londonas Sitija,Londono Sitis,Londons'ke Siti,Londons'ke siti,Londra Sehri,Londra Şehri,Lontoon City,Lun-tun Chhi,Lundenceaster,Lundunaborg,Lundúnaborg,Lungsod ng Londres,Lûn-tun Chhī,Sici,Siti,Siti tou Londinou,Thanh pho Luan GJon,Thành phố Luân Đôn,Urbs Londiniensis,hsyty sl lwndwn,lun dui shi,mdynt lndn,nkhr lxndxn,siti ofa landana,siti opha landana,sitiobeuleondeon,syty lndn,Σίτι του Λονδίνου,Лондонське Сіті,Лондонське сіті,Сити,Сіці,Լոնդոնյան Սիթի,הסיטי של לונדון,סיטי פון לאנדאן,سیتی لندن,لندن شہر,مدينة لندن,सिटी ऑफ लंडन,सिटी ऑफ़ लंदन,นครลอนดอน,シティ・オブ・ロンドン,倫敦市,시티오브런던	51.51279	-0.09184	P	PPLA3	GB		ENG	GLA	H9		7556900		27	Europe/London	2012-08-19
2643743	London	London	City of London,Gorad Londan,ILondon,LON,Lakana,Landen,Ljondan,Llundain,Londain,Londan,Londar,Londe,Londen,Londinium,Londino,Londn,London,London City,Londona,Londonas,Londoni,Londono,Londonu,Londra,Londres,Londrez,Londri,Londye,Londyn,Londýn,Lonn,Lontoo,Loundres,Luan GJon,Lunden,Lundra,Lundun,Lundunir,Lundúnir,Lung-dung,Lunnainn,Lunnin,Lunnon,Luân Đôn,Lùng-dŭng,Lākana,Lůndůn,Lọndọnu,Ranana,Rānana,The City,ilantan,landan,landana,leondeon,lndn,london,londoni,lun dui,lun dun,lwndwn,lxndxn,rondon,Łondra,Λονδίνο,Горад Лондан,Лондан,Лондон,Лондонъ,Лёндан,Լոնդոն,לאנדאן,לונדון,لندن,لوندون,لەندەن,ܠܘܢܕܘܢ,लंडन,लंदन,लण्डन,लन्डन्,লন্ডন,લંડન,ଲଣ୍ଡନ,இலண்டன்,లండన్,ಲಂಡನ್,ലണ്ടൻ,ලන්ඩන්,ลอนดอน,ລອນດອນ,ལོན་ཊོན།,လန်ဒန်မြို့,ლონდონი,ለንደን,ᎫᎴ ᏗᏍᎪᏂᎯᏱ,ロンドン,伦敦,倫敦,런던	51.50853	-0.12574	P	PPLC	GB		ENG	GLA			7556900		25	Europe/London	2013-07-28
2644668	Leicester	Leicester	Caerlyr,Caerlŷr,Gorad Lestehr,Leicester,Leicestria,Leiscester,Lester,Lestera,Lesteris,Lestur,Leysester,Léyséstér,QEW,lai si te,laystr,les texr,leseuteo,lstr,resuta,Λέστερ,Горад Лестэр,Лестер,Лестър,לסטר,לעסטער,لايستر,لستر,لیسسٹر,เลสเตอร์,レスター,莱斯特,레스터	52.6386	-1.13169	P	PPLA2	GB		ENG	H4	31UC		339239		65	Europe/London	2011-03-03
2646003	Islington	Islington	District londonien d'Islington,Islington,ijeullingteon,izurinton,Ислингтон,איזלינגטון,ازلنگٹن، لندن,იზლინგტონი,イズリントン,이즐링턴	51.53622	-0.10304	P	PPLA3	GB		ENG	GLA	G3		319143		37	Europe/London	2010-10-17
2646057	Ipswich	Ipswich	Gippevicum,IPW,Ipsuich,Ipsvicas,Ipsvich,Ipsvičas,Ipswich,abswtsh,aypswyych,ibseuwichi,ipsuichi,ipsvic,ipusuu~itchi,xips wich,yi pu si wei qi,ʼypswwyz,Ипсвич,Ипсуич,איפסוויץ,إبسوتش,ایپسوییچ,இப்ஸ்விச்,อิปสวิช,იფსუიჩი,イプスウィッチ,伊普斯威奇,입스위치	52.05917	1.15545	P	PPLA2	GB		ENG	N5	42UD		143767		18	Europe/London	2010-10-16
2648404	Gloucester	Gloucester	Caerloyw,GLO,Glevum,Gloster,Glosteris,Glostur,Gloucester,Glutsester,Glutséstér,Gorad Glostehr,ge luo si te,geulloseuteo,ghlwstr,glastr,gurosuta,jlwstr,klxs texr,Глостер,Глостър,Горад Глостэр,جلوستر,غلوستر,گلاستر,گلوسسٹر,กลอสเตอร์,グロスター,格洛斯特,글로스터	51.86568	-2.2431	P	PPLA2	GB		ENG	E6	23UE		128721		24	Europe/London	2010-10-16
2648657	Gillingham	Gillingham	Dzhillingem,Dzilingam,Dzilingamas,Džilingamas,Gillingham,gylynghʼm,jiringamu,jylyngham  knt,Џилингам,Джиллингем,גילינגהאם,جیلینگهام، کنت,ジリンガム	51.38914	0.54863	P	PPL	GB		ENG	G5			101187		31	Europe/London	2010-08-03
2650497	Eastbourne	Eastbourne	Eastbourne,Istborn,Istbornas,isutobon,yi si te ben,Істборн,Истборн,ایست‌بورن,イーストボーン,伊斯特本	50.76871	0.28453	P	PPL	GB		ENG	E2	21UC		112906		8	Europe/London	2010-08-03
2650839	Dudley	Dudley	Dadli,Dadlis,Dudley,Dudli,Ntantlei,da de li,dad liy,dadly  anglstan,dadori,Ντάντλεϊ,Дадли,Дадлі,Дъдли,دادلی، انگلستان,ดัดลีย์,ダドリー,達德利	52.5	-2.08333	P	PPLA2	GB		ENG	D7			199059		161	Europe/London	2010-10-16
2651347	Derby	Derby	Darbi,Deoraby,Derbi,Derbia,Derbis,Derby,Derby i Derbyshire,Dérbi,Dārbi,Dēoraby,Gorad Dehrbi,Ntermpi,dabi,dar bi,darbi,darby  anglstan,de bi,deobi,drby,dyrby,Ντέρμπι,Горад Дэрбі,Дарби,Дерби,Дербі,Դերբի,דארבי,דרבי,داربی، انگلستان,ديربي,ڈربی,डर्बी,ডার্বি,ดาร์บี,ደርቢ,ダービー,德比,더비	52.92277	-1.47663	P	PPLA2	GB		ENG	D2			235029		55	Europe/London	2013-03-09
2651621	Dagenham	Dagenham	daegeoneom,dajnham,deganahama,داجنهام,डेगनहम,대거넘	51.55	0.16667	P	PPLA3	GB		ENG	GLA	A1		108368		13	Europe/London	2012-04-27
2652053	Crawley	Crawley	Crawley,Krolis,Krouli,ke lao li,Кроули,克劳利	51.11303	-0.18312	P	PPL	GB		ENG	P6	45UE		107061		84	Europe/London	2011-02-05
2652221	Coventry	Coventry	CVT,Coventria,Coventry,Gorad Koventry,Koventri,Koventrija,Koventris,Kovuntri,kao wen chui,kawntry,khx wen thri,kobeonteuli,kovhentri,kovu~entori,kwfntry,qwbntry,Κόβεντρι,Горад Ковентры,Ковентри,Ковентрі,Ковънтри,קובנטרי,كوفنتري,کاونتری,کونٹری,कॉव्हेंट्री,คอเวนทรี,ကိုဗင်ထရီမြို့,კოვენტრი,コヴェントリー,考文垂,코번트리	52.40656	-1.51217	P	PPLA2	GB		ENG	C7			308313		89	Europe/London	2010-10-16
2652618	Colchester	Colchester	Camulodunum,Colchester,Colneceaster,Kolcesteris,Kolchest"r,Kolchester,Kolčesteris,ke er qie si te,kolcheseuteo,koruchesuta,kwlchstr,kwlshystr,qwlzstr,Колчестер,Колчестър,קולצסטר,كولشيستر,کولچستر,コルチェスター,科尔切斯特,콜체스터	51.88921	0.90421	P	PPL	GB		ENG	E4	22UG		109414		29	Europe/London	2011-03-03
2653261	Cheltenham	Cheltenham	Celtnamas,Cheltenam,Cheltenham,Cheltnem,Cheltnum,chelteuneom,cheltnam,cherutonamu,chltnham,qie er teng na mu,shltnham,Čeltnamas,Челтенам,Челтнем,Челтнъм,צ'לטנהאם,شلتنهام,چلتنهام,เชลต์นัม,チェルトナム,切爾滕納姆,첼트넘	51.9	-2.08333	P	PPL	GB		ENG	E6	23UB		103249		62	Europe/London	2012-01-17
2653266	Chelmsford	Chelmsford	Celmsfordas,Celmsfuords,Chelmsford,chelleumseupeodeu,cherumusufodo,chlmzfwrd,qie er mu si fu de,zlmspwrd,Čelmsfordas,Čelmsfuords,Челмсфорд,צלמספורד,چلمزفورد,ቸልምስፎርድ,チェルムスフォード,切爾姆斯福德,첼름스퍼드	51.73575	0.46958	P	PPLA2	GB		ENG	E4	22UF		102671		33	Europe/London	2011-02-12
2653941	Cambridge	Cambridge	CBG,Caergrawnt,Cambridge,Cantabrigia,Gorad Kembrydzh,Grantanbrycg,Kambrij,Kejmbridzh,Kembric,Kembridz,Kembridza,Kembridzas,Kembridzh,Kembridža,Kembridžas,Kembrigo,Kembriĝo,Kempritz,Kiam-khiau,Kiam-khiâu,jian qiao,kambrydj,keimbeuliji,kembridj,kembrij,kembrija,kenburijji,khem bridc,kmbryj,kyamabrija,kymbrj,qyymbrydg',Κέμπριτζ,Горад Кембрыдж,Кеймбридж,Кембридж,Кембриџ,Кембриҷ,Кембрідж,Քեմբրիջ,קיימברידג',كامبريدج,کمبریج,کیمبرج,केंब्रिज,ক্যামব্রিজ,ಕೇಂಬ್ರಿಜ್,കേംബ്രിഡ്ജ്,เคมบริดจ์,ကိန်းဘရစ်ချ်မြို့,კემბრიჯი,ケンブリッジ,劍橋,케임브리지	52.2	0.11667	P	PPLA2	GB		ENG	C3	12UB		128488		12	Europe/London	2012-10-08
2654675	Bristol	Bristol	BRS,Bricgstōƿ,Briosto,Briostó,Bristo,Bristol,Bristol',Bristole,Bristolis,Bristolium,Bristolo,Briston,Bristul,Bristullu,Bristón,Bryste,Brístol,Gorad Brystal',beuliseuteul,bris txl,bristala,brystwl,bu li si tuo er,burisutoru,Μπρίστολ,Бристол,Бристоль,Бристъл,Горад Брысталь,Բրիստոլ,בריסטאל,בריסטול,برسٹل نگر,بريستول,بریستول,ब्रिस्टल,ಬ್ರಿಸ್ಟಲ್‌,บริสตอล,ბრისტოლი,ブリストル,布里斯托尔,브리스틀	51.45523	-2.59665	P	PPLA2	GB		ENG	B7			430713		21	Europe/London	2013-08-10
2654710	Brighton	Brighton	BSH,Braiton,Braitona,Braitonas,Brajton,Brajtono,Brajtun,Brighton,Bristelmestuna,beulaiteon,bir tan,bra'itana,brayatana,braytwn,bryytwn,bu lai dun,buraiton,Μπράιτον,Брайтон,Брайтън,Брајтон,ברייטון,برايتون,برایتون,ब्रायटन,ব্রাইটন,ไบรตัน,ბრაიტონი,ブライトン,布赖顿,브라이턴	50.82838	-0.13947	P	PPL	GB		ENG	B6			139001		29	Europe/London	2012-12-23
2655095	Bournemouth	Bournemouth	BOH,Bornemouth,Bornmut,Bornmutas,Bournemouth,bo en mao si,bonmasu,bonmeoseu,bor nmath,bornmuti,bwrnmwth,Борнмут,Борнмът,بورنموث,বোর্ন্‌মাথ,โบร์นมัท,ბორნმუთი,ボーンマス,伯恩茅斯,본머스	50.72048	-1.8795	P	PPLA2	GB		ENG	B2	19UC		163600		19	Europe/London	2011-03-03
2655603	Birmingham	Birmingham	BHX,Birmin'gxam,Birmingam,Birmingamas,Birmingem,Birmingema,Birmingham,Birminghamia,Birminghem,Gorad Birmingem,Mpermincham,bamingamu,barming'hyam,barmingahama,barmingahema,barmingham,barminghama,beoming-eom,birmingemi,bo ming han,bo ming han shi,brmngm,brmynghham,byrmngam,parminkam,Μπέρμιγχαμ,Бирмингам,Бирмингем,Бірмінгем,Горад Бірмінгем,Բիրմինգհեմ,בירמינגהאם,ברמינגהאם,برمنگم,برمينغهام,بیرمنگام,बर्मिंगहॅम,बर्मिंघम,बर्मिङ्घम्,બર્મિંગહામ,பர்மிங்காம்,బర్మింగ్‌హామ్,ಬರ್ಮಿಂಗ್ಹ್ಯಾಮ್,เบอร์มิงแฮม,ბირმინგემი,በርሚንግሃም,バーミンガム,伯明翰,伯明翰市,버밍엄	52.48142	-1.89983	P	PPLA2	GB		ENG	A7			984333		149	Europe/London	2012-09-21
2655775	Bexley	Bexley	Bexley,Bexley keruelet,Bexley kerület,London Borough of Bexley,Londonska opshtina Beksli,Лондонска општина Бексли	51.44162	0.14866	P	PPLL	GB		ENG	GLA	A6		228000		16	Europe/London	2012-06-01
2656194	Basildon	Basildon	Basildon,Bazildon,Bazildonas,Bazildun,ba xi er deng,baejildeon,bajirudon,bzyldwn,Базилдон,Базилдън,Басилдон,بزیلدون,バジルドン,巴西爾登,배질던	51.56844	0.45782	P	PPL	GB		ENG	E4	22UB		101362		31	Europe/London	2011-03-03
6690870	Becontree	Becontree		51.5529	0.129	P	PPLX	GB		ENG	GLA	A1		100000		11	Europe/London	2010-05-25
6947756	Mendip	Mendip		51.2372	-2.6266	P	PPLX	GB		ENG	M3	40UB		110000		293	Europe/London	2010-05-25
